tripId,Last Modified,primaryDriverId,truckId,Fuel%,primaryTrailerId,TRLcheck,subStatusLabel,⚠️Check_Call,mph,Miles_left,OUT OF ROUTE,etaTimeDifference,AI ETA,Samsara Location,liveSharingUrl,customerName,emptyDrivingDistance,loadedDrivingDistance,ShipperName,LoadingCity,DestinationName,DestinationCity,PU Arrival,PU TIME,PU TIME LATEST,Arrived to PU,Left from PU,DEL Arrival,DeliveryEarliest,DeliveryLatest,Arrived_to_Delivery,onTimeStatus,sensorName,Ditat_SET_Point,tempC,tempF,reeferModeLabel,DITATgpsSpeed
TR-0000133041-01,8/21/2025 8:32am,738ANTHONY,25717,60,Rx53158E,🟢,En Route to Delivery,,0,679.7,🟢,🟢 OnTime 37h 20min,8/21/2025 10:40pm,"Plymouth, IN",https://cloud.samsara.com/o/24693/fleet/viewer/MvIaqxoEyIaVyxPDQW1a,"RXO, Inc.",106.3,816.6,BAY COOPERSVILLE,"Coopersville, MI",KROGER ATL (Ft Gillem),"Forest Park, GA",Early 58min,8/20/2025 4:00pm,8/20/2025 3:02pm,8/20/2025 3:02pm,8/20/2025 4:21pm,Early 58min,8/23/2025 12:00pm,8/23/2025 12:00pm,8/20/2025 3:02pm,🟢 OnTime,RX53158E TEMP,34.0,1.0,34.0,Continuous,0.00
TR-0000132881-01,8/21/2025 8:32am,289MELVIN,401221,89,Rx53098E,🟢,En Route to Delivery,,64,188.8,🟢,🟢 OnTime 34h 6min,8/21/2025 1:53pm,"Indianapolis, IN",https://cloud.samsara.com/o/24693/fleet/viewer/sschlwkQWObbwDpV5gaO,Amigos Meat Distributors,60.5,756.9,Harrison Poultry,"Bethlehem, GA",Amigos Foods New warehouse,"Chicago, IL",Early 545min,8/20/2025 8:00am,8/20/2025 6:55am,8/20/2025 6:55am,8/20/2025 6:25pm,Early 545min,8/22/2025 12:00am,8/22/2025 11:59pm,8/20/2025 6:55am,🟢 OnTime,RX53098E TEMP,26.0,-7.0,19.0,Continuous,64.94
TR-0000132729-01,8/21/2025 8:32am,713KENNETH,406970,62,Rx53151E,🟡,En Route to Delivery,,0,30.0,🟢,🟢 OnTime 22h 56min,8/21/2025 11:04am,"Bolingbrook, IL",https://cloud.samsara.com/o/24693/fleet/viewer/wLdCVaJZ5CriEXGMZJL7,Organic Logistics LLC,173.2,412.4,CashtonWarehouse,"Cashton, WI",AMAZON HUB WILMINGTON IL HMW1,"Sterling, IL",Late 163min,8/20/2025 5:00am,8/20/2025 5:43pm,8/20/2025 5:43pm,8/20/2025 6:14pm,,8/22/2025 10:00am,8/22/2025 10:00am,,🟢 OnTime,RX53151E TEMP,34.0,2.0,36.0,Continuous,0.00
TR-0000132975-01,8/21/2025 8:32am,705JIMMY,460995,49,Rx53087E,🟢,En Route to Delivery,,0,384.6,🟢,🟢 OnTime 17h 54min,8/21/2025 6:06pm,"Clark County, KY",https://cloud.samsara.com/o/24693/fleet/viewer/U7Zs4rRZBrtAoI71cIRB,DeSpir Logistics LLC,200.0,375.3,Catalent Pharma Solutions,"Winchester, KY",Kuehne Nagel East Point,"East Point, GA",Late 0min,8/21/2025 9:00am,8/21/2025 9:00am,8/21/2025 9:00am,8/21/2025 10:59am,Late 0min,8/22/2025 8:00am,8/22/2025 12:00pm,8/21/2025 9:00am,🟢 OnTime,RX53087E TEMP,68.0,19.0,66.0,Continuous,0.00
TR-0000132993-01,8/21/2025 8:32am,385SAMUEL,25656,52,Rx53162E,🟢,En Route to Delivery,,68,395.4,🟢,🟢 OnTime 16h 58min,8/21/2025 4:32pm,"Walnut, IA",https://cloud.samsara.com/o/24693/fleet/viewer/WVb6GHMriBAE0kmgjPOZ,C.H. Robinson,19.2,976.1,Claremont Foods,"Westminster, CO",US DC RJW Romeoville,"Romeoville, IL",Late 20min,8/20/2025 10:00am,8/20/2025 10:20am,8/20/2025 10:20am,8/20/2025 3:16pm,Late 20min,8/22/2025 9:30am,8/22/2025 9:30am,8/20/2025 10:20am,🟢 OnTime,RX53162E TEMP,60.0,16.0,61.0,Continuous,62.72
TR-0000132703-01,8/21/2025 8:32am,729CALVIN,25033,70,Rx53063E,🟡,En Route to Delivery,,63,211.8,🟢,🟢 OnTime 16h 55min,8/21/2025 2:05pm,"Greenwood, IN",https://cloud.samsara.com/o/24693/fleet/viewer/q7xi90qoD9c6KwSciDa6,"LoadDelivered Logistics, LLC  DBA Capstone Logistics",265.2,969.6,NHS US LLC,"Savannah, GA","Nestle Usa, Inc.","Bolingbrook, IL",Early 19min,8/20/2025 8:00am,8/20/2025 7:41am,8/20/2025 7:41am,8/20/2025 9:22am,Early 19min,8/22/2025 7:00am,8/22/2025 7:00am,8/20/2025 7:41am,🟢 OnTime,RX53063E TEMP,99.0,28.0,82.0,Dry Load,65.94
TR-0000132868-02,8/21/2025 8:32am,719MARQUIS,25040,62,Rx53159E,🟢,En Route to Delivery,,69,28.7,🟢,🟢 OnTime 15h 58min,8/21/2025 12:02pm,"Palm Coast, FL",https://cloud.samsara.com/o/24693/fleet/viewer/AUCXafENu8BB34tgx6ON,Organic Logistics LLC,32.9,1158.3,AGY Shop,"Lockport, IL",TRADER JOES DAYTONA FL,"Daytona Beach, FL",Early 1029min,8/20/2025 12:00am,8/20/2025 6:50am,8/20/2025 6:50am,8/20/2025 7:00am,,8/22/2025 12:00am,8/22/2025 4:00am,,🟢 OnTime,RX53159E TEMP,34.0,2.0,36.0,Continuous,68.79
TR-0000132655-03,8/21/2025 8:32am,257MAKROUM,25903,,Rx53113E,🟢,En Route to Delivery,,0,179.9,🟢,🟢 OnTime 15h 55min,8/21/2025 2:35pm,"Bernardston, MA",https://cloud.samsara.com/o/24693/fleet/viewer/4bMDSIb9A85f4hgwyPkC,Organic Logistics LLC,74.2,1068.7,AGY Shop,"Lockport, IL",HANNAFORD S PORTLAND ME,"South Portland, ME",Early 599min,8/19/2025 1:00am,8/19/2025 2:00pm,8/19/2025 2:00pm,8/19/2025 2:15pm,Early 90min,8/22/2025 6:30am,8/22/2025 6:30am,8/20/2025 11:30pm,🟢 OnTime,RX53113E TEMP,34.0,1.0,34.0,Continuous,0.00
TR-0000132566-01,8/21/2025 8:32am,602KELVIN,25891,50,Rx53082E,🟢,En Route to Delivery,,73,514.6,🟢,🟢 OnTime 15h 34min,8/21/2025 4:26pm,"Cochise County, AZ",https://cloud.samsara.com/o/24693/fleet/viewer/lbV8N1rUUf8R2aL0va5M,DeSpir Logistics LLC,34.6,1715.2,American Airlines Cargo,"Irving, TX",Source Bioscience,"Hawthorne, CA",Late 0min,8/20/2025 6:00am,8/20/2025 6:00am,8/20/2025 6:00am,8/20/2025 8:05am,Early 250min,8/22/2025 8:00am,8/22/2025 8:00am,8/20/2025 11:50am,🟢 OnTime,RX53082E TEMP,68.0,20.0,68.0,Continuous,72.70
TR-0000133011-01,8/21/2025 8:32am,604KELSEY,24833,17,Rx53072E,🟡,En Route to Delivery,,69,217.6,🟢,🟢 OnTime 14h 49min,8/21/2025 3:11pm,"Murfreesboro, TN",https://cloud.samsara.com/o/24693/fleet/viewer/zjmaH8AgTcFrDrRzR4Qp,Ram Transportation Services,56.6,735.0,ANTHONY MARANO COMPANY,"Chicago, IL",ANTHONY MARANO COMPANY ATLANTA,"Forest Park, GA",Early 139min,8/20/2025 12:00pm,8/20/2025 12:41pm,8/20/2025 12:41pm,8/20/2025 2:46pm,Late 0min,8/22/2025 6:00am,8/22/2025 6:00am,8/21/2025 6:00am,🟢 OnTime,RX53072E TEMP,38.0,2.0,36.0,Continuous,60.55
TR-0000132922-01,8/21/2025 8:32am,615JEACOB,24472,74,Rx53081E,🟡,En Route to Delivery,,69,379.7,🟢,🟢 OnTime 14h 36min,8/21/2025 4:24pm,"Shelby County, IN",https://cloud.samsara.com/o/24693/fleet/viewer/ja5UKpd4EekyccoTPP1d,DSV Air & Sea Inc,186.5,422.8,Roche Diagnostics YY Building,"Indianapolis, IN",DSV Huntsville,"Huntsville, AL",Late 0min,8/21/2025 8:00am,8/21/2025 8:00am,8/21/2025 8:00am,8/21/2025 8:52am,Early 186min,8/22/2025 7:00am,8/22/2025 7:00am,8/21/2025 8:54am,🟢 OnTime,RX53081E TEMP,41.0,6.0,43.0,Continuous,68.36
TR-0000132942-01,8/21/2025 8:32am,645ANDREY,25175,94,Rx53136E,🟡,En Route to Delivery,,0,622.4,🟢,🟢 OnTime 14h 13min,8/21/2025 5:47pm,"Porter, NM",https://cloud.samsara.com/o/24693/fleet/viewer/s5AJLR36unxETCDMAzvD,DeSpir Logistics LLC,124.6,1719.5,McKesson Third Party Logistics,"Louisville, KY",Curascript SD INC,"Tempe, AZ",Early 10min,8/20/2025 2:00pm,8/20/2025 1:50pm,8/20/2025 1:50pm,8/20/2025 2:50pm,Early 10min,8/22/2025 8:00am,8/22/2025 8:00am,8/20/2025 1:50pm,🟢 OnTime,RX53136E TEMP,41.0,5.0,41.0,Continuous,0.00
TR-0000132722-01,8/21/2025 8:32am,569JEMPS,24831,82,Rx53079E,🟢,En Route to Delivery,,0,6.5,🟢,🟢 OnTime 13h 15min,8/21/2025 10:44am,"Romeoville, IL",https://cloud.samsara.com/o/24693/fleet/viewer/wjZQbjUsvBAhYL4gd7wn,Organic Logistics LLC,194.3,333.0,CashtonWarehouse,"Cashton, WI",AGY Shop,"Lockport, IL",Late 315min,8/20/2025 2:00am,8/20/2025 3:15pm,8/20/2025 3:15pm,8/20/2025 4:55pm,Early 395min,8/21/2025 12:00am,8/21/2025 11:59pm,8/21/2025 5:25am,🟢 OnTime,RX53079E TEMP,34.0,3.0,37.0,Continuous,0.00
TR-0000133031-01,8/21/2025 8:32am,706TIMOTHY,24538,62,Rx53086E,🟢,En Route to Delivery,,0,428.2,🟢,🟢 OnTime 12h 20min,8/21/2025 6:40pm,"KY, 40214",https://cloud.samsara.com/o/24693/fleet/viewer/nyQDCondL31Fai8qEQte,Ram Transportation Services,34.1,736.4,Anthony Marano Company,"Chicago, IL",ANTHONY MARANO COMPANY,"Forest Park, GA",Late 300min,8/20/2025 12:00pm,8/20/2025 8:00pm,8/20/2025 8:00pm,8/20/2025 8:55pm,Early 119min,8/22/2025 7:00am,8/22/2025 7:00am,8/21/2025 5:01am,🟢 OnTime,RX53086E TEMP,38.0,3.0,37.0,Continuous,0.00
TR-0000132943-01,8/21/2025 8:32am,633CLEMIE,25905,68,Rx53114E,🟢,En Route to Pickup,,0,77.8,🟢,🟢 OnTime 12h 12min,8/21/2025 11:47am,"Belton, MO",https://cloud.samsara.com/o/24693/fleet/viewer/exIX79p9Knk8UEZ30Hla,DSV Air & Sea Inc,78.6,1526.1,Boehringer Ingelheim,"St Joseph, MO",Boehringer Ingelheim,"Miami, FL",,8/21/2025 12:00am,,,,,8/21/2025 12:00am,8/21/2025 11:59pm,,🟢 OnTime,RX53114E TEMP,41.0,5.0,41.0,Continuous,0.87
TR-0000133079-01,8/21/2025 8:32am,698DAVIS,24471,68,Rx53070E,🟢,En Route to Pickup,,69,93.1,🟢,🟢 OnTime 10h 56min,8/21/2025 1:03pm,"Owings, SC",https://cloud.samsara.com/o/24693/fleet/viewer/PsO2333UIMYCNHxi2O3a,OTR Transportation Inc,127.5,519.6,CANON EGG FARM,"Canon, GA",CANON EGG FARM,"Cortland, IN",,8/21/2025 12:00am,,,,,8/21/2025 12:00am,8/21/2025 11:59pm,,🟢 OnTime,RX53070E TEMP,35.0,9.0,48.0,Continuous,69.89
TR-0000132979-01,8/21/2025 8:32am,712SIMON,406975,76,Rx53167E,🟡,En Route to Delivery,,69,581.8,🟢,🟢 OnTime 10h 53min,8/21/2025 9:07pm,"Munfordville, KY",https://cloud.samsara.com/o/24693/fleet/viewer/ZJ7wdQL1IxSKTRgpag05,Red Lab Logistics Inc,31.6,920.9,SMP - Eau Claire,"Eau Claire, MI","L&M Companies, Inc.","Moultrie, GA",Early 325min,8/20/2025 8:00am,8/20/2025 10:35am,8/20/2025 10:35am,8/20/2025 9:00pm,Early 325min,8/22/2025 8:00am,8/22/2025 8:00am,8/20/2025 10:35am,🟢 OnTime,RX53167E TEMP,42.0,6.0,43.0,Continuous,68.08
TR-0000133005-01,8/21/2025 8:32am,739WILLIE,25059,78,Rx53140E,🟡,En Route to Delivery,,66,666.1,🟢,🟢 OnTime 9h 2min,8/21/2025 9:58pm,"Jasper County, IN",https://cloud.samsara.com/o/24693/fleet/viewer/MrFayDeTYNMsLSiywuUo,"RXO, Inc.",46.0,1173.1,Brewers Supply Group,"Shakopee, MN",Brewers Supply Chain,"Huntersville, NC",Early 66min,8/20/2025 12:00pm,8/20/2025 10:54am,8/20/2025 10:54am,8/20/2025 1:06pm,Early 66min,8/22/2025 7:00am,8/22/2025 7:00am,8/20/2025 10:54am,🟢 OnTime,RX53140E TEMP,45.0,9.0,48.0,Continuous,56.45
TR-0000132941-01,8/21/2025 8:32am,127CHARLES,264901,53,Rx53055E,🟢,En Route to Delivery,,65,866.2,🟢,🟢 OnTime 8h 41min,8/22/2025 12:19am,"Wake County, NC",https://cloud.samsara.com/o/24693/fleet/viewer/YW3haHgQhOg5ZDTydWWY,Kuehne+Nagel Inc.,230.0,932.6,Patheon Manufacturing Services LLC,"Greenville, NC",ABBVIE AP5 - MAIN,"North Chicago, IL",Late 34min,8/21/2025 9:00am,8/21/2025 9:34am,8/21/2025 9:34am,8/21/2025 10:17am,Late 34min,8/22/2025 9:00am,8/22/2025 9:00am,8/21/2025 9:34am,🟢 OnTime,RX53055E TEMP,41.0,5.0,41.0,Continuous,55.54
TR-0000132646-01,8/21/2025 8:32am,650JOEY,25657,42,Rx53076E,🟢,En Route to Delivery,,0,20.7,🟢,🟢 OnTime 7h 52min,8/21/2025 12:08pm,"Morrison Heights, NY",https://cloud.samsara.com/o/24693/fleet/viewer/1BEW4CCqrVG1gSj3i6Ar,Organic Logistics LLC,0.0,1079.7,CashtonWarehouse,"Cashton, WI","ADUSA Distribution, LLC","Montgomery, NY",Late 1268min,8/19/2025 2:00am,8/19/2025 11:08pm,8/19/2025 11:08pm,8/19/2025 11:58pm,Early 1391min,8/21/2025 8:00pm,8/21/2025 8:00pm,8/21/2025 3:49am,🟢 OnTime,RX53076E TEMP,34.0,0.0,32.0,Continuous,0.00
TR-0000132967-01,8/21/2025 8:32am,531SHAPHENKY,25565,,Rx53096E,🟢,En Route to Delivery,,72,831.9,🟢,🟢 OnTime 7h 47min,8/22/2025 12:13am,"Perry, GA",https://cloud.samsara.com/o/24693/fleet/viewer/zasn1dM9ZDihT7V0itbq,FOREFRONT GLOBAL LOGISTICS,14.8,1368.3,Bee Gee Atlantic Seafood Inc,"Fort Lauderdale, FL",EL REY SEAFOOD,"Chicago, IL",Early 39min,8/20/2025 9:30am,8/20/2025 8:51am,8/20/2025 8:51am,8/20/2025 10:33am,Early 39min,8/22/2025 6:00am,8/22/2025 8:00am,8/20/2025 8:51am,🟢 OnTime,RX53096E TEMP,0.0,-19.0,-2.0,Continuous,73.58
TR-0000133014-01,8/21/2025 8:32am,689VINCENT,24832,87,Rx53091E,🟢,En Route to Pickup,,69,8.8,🟢,🟢 OnTime 5h 17min,8/21/2025 10:43am,"Fayette County, TN",https://cloud.samsara.com/o/24693/fleet/viewer/p9BQ6o2yIDS5Np5xTHRN,Mid America Logistics,34.1,422.6,RICH PRODUCTS,"Arlington, TN",RICH PRODUCTS,"New Orleans, LA",,8/21/2025 4:00pm,,,,,8/21/2025 4:00pm,8/21/2025 4:00pm,,🟢 OnTime,RX53091E TEMP,0.0,4.0,39.0,Continuous,69.23
TR-0000132760-01,8/21/2025 8:32am,692EDWARD,25039,79,Rx53156E,🟢,En Route to Pickup,,67,42.8,🟢,🟢 OnTime 3h 47min,8/21/2025 11:13am,"Crawford Landing, LA",https://cloud.samsara.com/o/24693/fleet/viewer/b0ict7AB1bIEhEIYkBjr,Ram Transportation Services,74.1,894.4,CHIQUITA GULPORT,"Gulfport, MS",CHIQUITA GULPORT,"Chicago, IL",,8/21/2025 8:00am,,,,,8/21/2025 8:00am,8/21/2025 3:00pm,,🟢 OnTime,RX53156E TEMP,58.0,15.0,59.0,Continuous,35.48
TR-0000133073-01,8/21/2025 8:32am,663JEAN,25034,95,,❓ Unknown,En Route to Pickup,,0,33.7,🟢,🟢 OnTime 3h 30min,8/21/2025 11:30am,"Crest Hill, IL",,Ram Transportation Services,40.9,411.1,Anthony Marano Company,"Chicago, IL",Anthony Marano Company,"Faribault, MN",,8/21/2025 12:00pm,,,,,8/21/2025 12:00pm,8/21/2025 3:00pm,,🟢 OnTime,,38.0,,,Continuous,0.00
TR-0000133074-01,8/21/2025 8:32am,301ANTHONY,25556,43,Rx53161E,🟡,En Route to Pickup,,0,80.3,🟢,🟢 OnTime 3h 12min,8/21/2025 11:48am,"Caddo Mills, TX",https://cloud.samsara.com/o/24693/fleet/viewer/t3MknaxL6CUShOvRp0Cx,Garrison Logistics Inc.,497.0,52.3,SIGMA FOODS - US COLD STORAGE,"Denton, TX",SIGMA FOODS - US COLD STORAGE,"Dallas, TX",,8/21/2025 3:00pm,,,,,8/21/2025 3:00pm,8/21/2025 3:00pm,,🟢 OnTime,RX53161E TEMP,22.0,8.0,46.0,Continuous,0.00
TR-0000132952-01,8/21/2025 8:32am,520KENDRICK,25561,62,Rx53060E,🟢,En Route to Delivery,,74,70.1,🟢,🟢 OnTime 3h 10min,8/21/2025 11:50am,"Bradley, IL",https://cloud.samsara.com/o/24693/fleet/viewer/Gc7RAkinUCsuIXpFFmEp,DSV Air & Sea Inc,5.9,562.0,Fed Ex c/o Abbott Point of Care,"Memphis, TN",DSV Warehouse,"Franklin Park, IL",Late 18min,8/20/2025 3:00pm,8/20/2025 6:18pm,8/20/2025 6:18pm,8/20/2025 6:39pm,Late 18min,8/21/2025 12:00am,8/21/2025 3:00pm,8/20/2025 6:18pm,🟢 OnTime,RX53060E TEMP,41.0,5.0,41.0,Continuous,73.59
TR-0000132717-01,8/21/2025 8:32am,277MICHAEL,574701,63,Rx53068E,🟢,En Route to Delivery,,64,147.0,🟢,🟢 OnTime 3h 8min,8/21/2025 1:52pm,"Winston-Salem, NC",https://cloud.samsara.com/o/24693/fleet/viewer/8PIhXzjD6OARLdZptFPx,Kuehne+Nagel Inc.,234.6,696.5,BAXTERPHARMASOLUTION,"Bloomington, IN",Merck & Company,"Wilson, NC",Late 0min,8/20/2025 8:00am,8/20/2025 12:00pm,8/20/2025 12:00pm,8/20/2025 1:06pm,Late 0min,8/21/2025 8:00am,8/21/2025 5:00pm,8/20/2025 12:00pm,🟢 OnTime,RX53068E TEMP,68.0,20.0,68.0,Continuous,54.42
TR-0000132990-01,8/21/2025 8:32am,736JEAN,25056,50,Rx53064E,🟢,En Route to Delivery,,69,101.1,🟢,🟢 OnTime 3h 5min,8/21/2025 10:55am,"Lincoln County, CO",https://cloud.samsara.com/o/24693/fleet/viewer/GZJPugdz4YViahXCSA7T,"True Blue Freight, LLC",143.1,1102.2,Alembic Pharma/Knipper,"Charlestown, IN",SRC,"Aurora, CO",Late 0min,8/20/2025 1:00pm,8/20/2025 1:00pm,8/20/2025 1:00pm,8/20/2025 3:22pm,Late 0min,8/21/2025 2:00pm,8/21/2025 2:00pm,8/20/2025 1:00pm,🟢 OnTime,RX53064E TEMP,70.0,21.0,70.0,Continuous,68.85
TR-0000132674-01,8/21/2025 8:32am,658RONDELL,25041,66,Rx53146E,🟡,En Route to Delivery,,70,287.2,🟢,🟢 OnTime 2h 55min,8/21/2025 4:05pm,"Kendeigh Corner, OH",https://cloud.samsara.com/o/24693/fleet/viewer/oaTMuuQcAi9U6c5t4Rdp,Organic Logistics LLC,0.0,1114.0,CashtonWarehouse,"Cashton, WI",WEGMANS ROCHESTER NY,"Johnstown, NY",Late 10min,8/19/2025 9:00am,8/19/2025 9:10pm,8/19/2025 9:10pm,8/20/2025 8:27am,Late 10min,8/21/2025 7:00pm,8/21/2025 7:00pm,8/19/2025 9:10pm,🟢 OnTime,RX53146E TEMP,34.0,0.0,32.0,Continuous,67.96
TR-0000133056-01,8/21/2025 8:32am,477ANTOINE,25557,65,Rx53104E,🟢,En Route to Pickup,,0,6.6,🟢,🟢 OnTime 2h 51min,8/21/2025 10:39am,"Faribault, MN",https://cloud.samsara.com/o/24693/fleet/viewer/z9RuUzIcaFmdK2qDLrWK,Integrity Express Logistics,18.5,427.2,PREMIUM WATERS INC,"Lonsdale, MN",PREMIUM WATERS INC,"Lockport, IL",,8/21/2025 7:30am,,,,,8/21/2025 7:30am,8/21/2025 1:30pm,,🟢 OnTime,RX53104E TEMP,99.0,17.0,63.0,Dry Load,0.00
TR-0000133052-01,8/21/2025 8:32am,605RONNIE,25062,82,Rx53093E,🟢,En Route to Pickup,,0,16.4,🟢,🟢 OnTime 2h 42min,8/21/2025 11:48am,"Louisville, KY",https://cloud.samsara.com/o/24693/fleet/viewer/cM6snUlbtRGIq1COeG1W,"True Blue Freight, LLC",16.9,363.8,Boehringer/UPS Shepherdsville KY,"Shepherdsville, KY",Boehringer/UPS Shepherdsville KY,"Olive Branch, MS",,8/21/2025 2:30pm,,,,,8/21/2025 2:30pm,8/21/2025 2:30pm,,🟢 OnTime,RX53093E TEMP,65.0,18.0,64.0,Continuous,0.00
TR-0000133080-01,8/21/2025 8:32am,730PATRICE,25054,87,Rx53134E,🟡,En Route to Pickup,,53,21.1,🟢,🟢 OnTime 2h 34min,8/21/2025 10:56am,"Grand Prairie, TX",https://cloud.samsara.com/o/24693/fleet/viewer/GZ52g50Gc21Ti5cd6yGu,US Logistics LLC,29.1,1008.3,NOVAMEX,"Mesquite, TX",NOVAMEX,"Menomonie, WI",,8/21/2025 1:30pm,,,,,8/21/2025 1:30pm,8/21/2025 1:30pm,,🟢 OnTime,RX53134E TEMP,99.0,4.0,39.0,Dry Load,48.27
TR-0000133055-01,8/21/2025 8:32am,710GABRIEL,25037,90,RX53143E,🟡,En Route to Pickup,,0,1.5,🟢,🟢 OnTime 2h 24min,8/21/2025 10:36am,"Lake County, IL",https://cloud.samsara.com/o/24693/fleet/viewer/BcdwDzEpZ4vplWeuta33,"True Blue Freight, LLC",43.7,594.8,ABBVIE AP5 - MAIN,"North Chicago, IL",ABBVIE AP5 - MAIN,"Olive Branch, MS",,8/21/2025 1:00pm,,,,,8/21/2025 1:00pm,8/21/2025 1:00pm,,🟢 OnTime,RX53143E TEMP,70.0,21.0,70.0,Continuous,0.00
TR-0000132981-01,8/21/2025 8:32am,707ROBERT,25038,96,Rx53121E,🟢,En Route to Delivery,,0,1286.3,🟢,🟢 OnTime 2h 20min,8/22/2025 3:40am,"Oklahoma City, OK",https://cloud.samsara.com/o/24693/fleet/viewer/QF9vpYg9OtHjKYRofccy,DeSpir Logistics LLC,8.6,2117.4,McKesson Third Party Logistics,"Louisville, KY",ASD Montclair,"Temecula, CA",Late 0min,8/20/2025 2:00pm,8/20/2025 2:00pm,8/20/2025 2:00pm,8/20/2025 3:37pm,Late 0min,8/22/2025 6:00am,8/22/2025 6:00am,8/20/2025 2:00pm,🟢 OnTime,RX53121E TEMP,41.0,5.0,41.0,Continuous,0.00
TR-0000132971-01,8/21/2025 8:32am,666BRYANT,25035,43,Rx53109E,🟢,En Route to Delivery,,1,230.7,🟢,🟢 OnTime 1h 47min,8/21/2025 2:13pm,"Lafayette Parish, LA",https://cloud.samsara.com/o/24693/fleet/viewer/u707DLIQdANwa5bosHC2,Chariot Logistics,5.7,792.0,"COCA-COLA BOTTLING COMPANY UNITED, INC","College Park, GA",P052 Northpoint,"Houston, TX",Early 320min,8/20/2025 4:00pm,8/20/2025 10:40am,8/20/2025 10:40am,8/20/2025 5:58pm,Early 320min,8/21/2025 4:00pm,8/21/2025 4:00pm,8/20/2025 10:40am,🟢 OnTime,RX53109E TEMP,99.0,28.0,82.0,Dry Load,68.55
TR-0000132882-01,8/21/2025 8:32am,687CHRISTOPHER,24582,89,Rx53074E,🟢,En Route to Pickup,,69,167.0,🟢,🟢 OnTime 1h 32min,8/21/2025 2:28pm,"Arabi, GA",https://cloud.samsara.com/o/24693/fleet/viewer/RkhTJOtGTd4p80eHHhdE,Amigos Meat Distributors,474.7,756.9,Harrison Poultry,"Bethlehem, GA",Harrison Poultry,"Chicago, IL",,8/21/2025 8:00am,,,,,8/21/2025 8:00am,8/21/2025 4:00pm,,🟢 OnTime,RX53074E TEMP,26.0,-5.0,23.0,Continuous,68.45
TR-0000133024-01,8/21/2025 8:32am,674MATHIASSON,25555,38,Rx53135E,🟢,En Route to Delivery,,66,120.0,🟢,🟢 OnTime 1h 30min,8/21/2025 12:30pm,"Atlanta, IL",https://cloud.samsara.com/o/24693/fleet/viewer/durQIJrGpCJ75730a47Q,US Logistics LLC,185.9,899.4,NOVAMEX,"Mesquite, TX",AGY Shop,"Lockport, IL",Early 3min,8/20/2025 10:00am,8/20/2025 2:57pm,8/20/2025 2:57pm,8/20/2025 6:30pm,,8/21/2025 12:00am,8/21/2025 2:00pm,,🟢 OnTime,RX53135E TEMP,99.0,29.0,84.0,Dry Load,65.90
TR-0000133069-01,8/21/2025 8:32am,561JOSE,25058,17,Rx53157E,🟢,En Route to Pickup,,0,63.8,🟢,🟢 OnTime 1h 18min,8/21/2025 12:42pm,"Patersons Corner, VA",https://cloud.samsara.com/o/24693/fleet/viewer/nmoczMgmSiW7u4m40ndI,"Kopf Leasing, Incorporated",123.4,732.6,WASHINGTON LAMB INC,"Lorton, VA",WASHINGTON LAMB INC,"McCook, IL",,8/21/2025 12:00pm,,,,,8/21/2025 12:00pm,8/21/2025 2:00pm,,🟢 OnTime,RX53157E TEMP,0.0,-24.0,-11.0,Continuous,1.18
TR-0000132955-01,8/21/2025 8:32am,616LALEASE,25894,100,Rx53066E,🟢,En Route to Pickup,,0,65.0,🟢,🟢 OnTime 1h 9min,8/21/2025 11:51am,"Onawa, IA",https://cloud.samsara.com/o/24693/fleet/viewer/cXZ1ro7P54ppuqNeqzHV,Central Freight Management LLC,621.3,395.0,Cloverleaf ,"Cherokee, IA",Cloverleaf ,"Jefferson, WI",,8/21/2025 1:00pm,,,,,8/21/2025 1:00pm,8/21/2025 1:00pm,,🟢 OnTime,RX53066E TEMP,0.0,-16.0,3.0,Continuous,0.00
TR-0000133034-01,8/21/2025 8:32am,704DERRICK,406972,73,Rx53129E,🟢,En Route to Pickup,,66,14.7,🟢,🟢 OnTime 1h 8min,8/21/2025 11:52am,"Streetsboro, OH",https://cloud.samsara.com/o/24693/fleet/viewer/HjbZC0aloMkQowbMVYXC,High Tide Logistics,27.0,605.0,HERMANN ENTERPRISES,"Garrettsville, OH",HERMANN ENTERPRISES,"Newberry, SC",,8/21/2025 8:00am,,,,,8/21/2025 8:00am,8/21/2025 1:00pm,,🟢 OnTime,RX53129E TEMP,35.0,4.0,39.0,Continuous,68.92
TR-0000133015-01,8/21/2025 8:32am,688MICHAEL,25564,57,Rx53092E,🟢,En Route to Pickup,,69,35.2,🟢,🟡 OnTime 55min,8/21/2025 11:05am,"Hazelwood, MN",https://cloud.samsara.com/o/24693/fleet/viewer/3qAr2wX1D37afRyCBvjx,STONEARCH LOGISTICS,49.2,401.2,NEWPORT COLD STORAGE,"Newport, MN",NEWPORT COLD STORAGE,"Lockport, IL",,8/21/2025 12:00pm,,,,,8/21/2025 12:00pm,8/21/2025 12:00pm,,🟡 OnTime,RX53092E TEMP,34.0,2.0,36.0,Continuous,1.88
TR-0000132916-01,8/21/2025 8:32am,330KELLY,25715,93,Rx53075E,🟢,En Route to Delivery,,0,1378.2,🟢,🟡 OnTime 43min,8/22/2025 6:17am,"Benson, AZ",https://cloud.samsara.com/o/24693/fleet/viewer/5gt6BrDyxLdbUdIh4aB6,DSV Road Inc ,5.4,1822.9,Dsv Air & Sea Inc. Torrance,"Torrance, CA",Kuehne & Nagel Warehouse,"Memphis, TN",Early 31min,8/20/2025 12:00pm,8/20/2025 2:29pm,8/20/2025 2:29pm,8/20/2025 6:20pm,Early 31min,8/22/2025 7:00am,8/22/2025 7:00am,8/20/2025 2:29pm,🟡 OnTime,RX53075E TEMP,68.0,20.0,68.0,Continuous,0.00
TR-0000133051-01,8/21/2025 8:32am,347JAMESLY,25655,89,Rx53100E,🟢,En Route to Delivery,,69,111.8,🟢,🟡 OnTime 33min,8/21/2025 12:27pm,"Loda, IL",https://cloud.samsara.com/o/24693/fleet/viewer/W3LWRP785bqvjFoJuaWr,Radiant Road & Rail,4.0,541.4,Quest Warehouse City Brew co Alani Nu,"Memphis, TN",DIAGEO BOLINGBROOK PAB,"Bolingbrook, IL",Early 43min,8/20/2025 5:00pm,8/20/2025 4:17pm,8/20/2025 4:17pm,8/20/2025 6:35pm,Early 43min,8/21/2025 1:00pm,8/21/2025 1:00pm,8/20/2025 4:17pm,🟡 OnTime,RX53100E TEMP,99.0,28.0,82.0,Dry Load,69.12
TR-0000132996-01,8/21/2025 8:32am,625CHAD,25890,99,Rx53080E,🟡,En Route to Pickup,⚠️Arrived?,0,0.8,🟢,🟡 OnTime 25min,8/21/2025 10:35am,"Norman, OK",https://cloud.samsara.com/o/24693/fleet/viewer/s53ZUWRvI25MLLKWaZ7G,Yusen Logistics (Americas) Inc.,182.5,817.6,Avara Pharmaceutical Technologies,"Norman, OK",Avara Pharmaceutical Technologies,"Elk Grove Village, IL",,8/21/2025 11:00am,,,,,8/21/2025 11:00am,8/21/2025 11:00am,,🟡 OnTime,RX53080E TEMP,68.0,20.0,68.0,Continuous,0.00
TR-0000133085-01,8/21/2025 8:32am,274EZEKIEL,24540,36,Rx53117E,🟢,En Route to Pickup,,0,43.5,🟢,🟡 OnTime 16min,8/21/2025 12:14pm,"Pasco County, FL",https://cloud.samsara.com/o/24693/fleet/viewer/YUtCCn95eiAut72rBR8b,Primary Freight LLC,249.8,571.9,SUN CITY,"Ruskin, FL",SUN CITY,"Bessemer, AL",,8/21/2025 7:00am,,,,,8/21/2025 7:00am,8/21/2025 12:30pm,,🟡 OnTime,RX53117E TEMP,58.0,19.0,66.0,Continuous,0.00
TR-0000132671-01,8/21/2025 8:32am,703MARUICE,406973,51,Rx53139E,🟡,En Route to Delivery,,55,75.9,🟢,🟡 OnTime 13min,8/21/2025 12:47pm,"Fairfield, VA",https://cloud.samsara.com/o/24693/fleet/viewer/bPMhYomm3WSGqgxguhYr,Organic Logistics LLC,26.6,1032.1,CashtonWarehouse,"Cashton, WI",Wal Mart Dc 7016,"Gordonsville, VA",Early 144min,8/20/2025 8:00am,8/20/2025 10:36am,8/20/2025 10:36am,8/20/2025 11:45am,Early 139min,8/21/2025 1:00pm,8/21/2025 1:00pm,8/20/2025 9:40pm,🟡 OnTime,RX53139E TEMP,34.0,1.0,34.0,Continuous,61.38
TR-0000132673-02,8/21/2025 8:32am,490JARRETT,25554,84,Rx53138E,🟢,En Route to Pickup,,0,10.0,🟢,🔴 Late 10h 51min,8/21/2025 10:50am,"Woodridge, IL",https://cloud.samsara.com/o/24693/fleet/viewer/I1zU8cESObzXjCYYgTOI,"LoadDelivered Logistics, LLC  DBA Capstone Logistics",0.0,10.1,AGY Shop,"Lockport, IL",AGY Shop,"Bolingbrook, IL",,8/20/2025 12:00am,,,,,8/20/2025 12:00am,8/20/2025 11:59pm,,🔴 Late,RX53138E TEMP,99.0,27.0,81.0,Dry Load,0.00
TR-0000132766-01,8/21/2025 8:32am,556ROMAINE,24829,45,Rx53147E,🟢,En Route to Delivery,,12,261.2,🟢,🔴 Late 3h 0min,8/21/2025 3:00pm,"Mount Vernon, IL",https://cloud.samsara.com/o/24693/fleet/viewer/4iuYNk1WHXJdT6Q6yW9a,Ram Transportation Services,131.9,890.3,CHIQUITA GULPORT,"Gulfport, MS",AGY Shop,"Lockport, IL",Early 600min,8/20/2025 8:00am,8/20/2025 5:00am,8/20/2025 5:00am,8/20/2025 10:00am,Early 600min,8/21/2025 12:00am,8/21/2025 12:00pm,8/20/2025 5:00am,🔴 Late,RX53147E TEMP,58.0,14.0,57.0,Continuous,0.00
TR-0000132947-01,8/21/2025 8:32am,607ARKEYEL,24473,74,Rx53150E,🟢,En Route to Pickup,,65,35.6,🟢,🔴 Late 2min,8/21/2025 11:02am,"Parkville, MO",,DSV Air & Sea Inc,59.9,487.1,Boehringer Ingelheim,"St Joseph, MO",Boehringer Ingelheim,"Franklin Park, IL",,8/21/2025 8:00am,,,,,8/21/2025 8:00am,8/21/2025 11:00am,,🔴 Late,RX53150E TEMP,41.0,5.0,41.0,Continuous,68.92
TR-0000132151-02,8/21/2025 8:32am,647JUANIS,229938,37,Rx53165E,🟢,En Route to Delivery,,63,96.3,🟢,🔴 Late 2h 19min,8/21/2025 1:19pm,"Kingsville, MD",https://cloud.samsara.com/o/24693/fleet/viewer/Grldve8UYmB0oKghG3D6,DSV Air & Sea Inc,0.0,677.0,Kraft Foods- Newberry,"Newberry, SC",NOVO NORDISK A/S,"Philadelphia, PA",Early 1549min,8/21/2025 12:00am,8/20/2025 10:10pm,8/20/2025 10:10pm,8/20/2025 10:20pm,,8/21/2025 11:00am,8/21/2025 11:00am,,🔴 Late,RX53165E TEMP,41.0,4.0,39.0,Continuous,55.83
TR-0000132937-01,8/21/2025 8:32am,589JERMAINE,25559,61,Rx53125E,🟢,Unloading,⚠️Empty?,57,9.7,🟢,,,"Alsip, IL",https://cloud.samsara.com/o/24693/fleet/viewer/IjWv8aoJCHmOE1R0DPmD,C.H. Robinson,73.9,745.0,DHL / HENKEL US OPERATIONS CORP,"Greer, SC",DURO BAG MFG. CO.-141,"Alsip, IL",Early 200min,8/19/2025 5:30pm,8/19/2025 2:10pm,8/19/2025 2:10pm,8/19/2025 3:45pm,Early 75min,8/21/2025 10:00am,8/21/2025 10:00am,8/21/2025 8:45am,🟢 OnTime,RX53125E TEMP,99.0,25.0,77.0,Dry Load,7.11
TR-0000132669-01,8/21/2025 8:32am,209ELLIOTT,406974,67,Rx53171E,🟢,Unloading,,0,0.4,🟢,,,"Prince George County, VA",https://cloud.samsara.com/o/24693/fleet/viewer/DVv9m7qTO6zdn3lxEH3X,Organic Logistics LLC,0.0,1222.2,CashtonWarehouse,"Cashton, WI",FOOD LION DC 20,"Norfolk, VA",Late 610min,8/19/2025 5:00am,8/19/2025 3:10pm,8/19/2025 3:10pm,8/19/2025 3:50pm,Early 25min,8/21/2025 9:30am,8/21/2025 9:30am,8/21/2025 9:05am,🟡 OnTime,RX53171E TEMP,34.0,1.0,34.0,Continuous,0.00
TR-0000132643-01,8/21/2025 8:32am,286CORNELIUS,24541,74,Rx53078E,🟢,Unloading,⚠️Empty?,41,13.8,🟢,,,"NJ, 07094",https://cloud.samsara.com/o/24693/fleet/viewer/yIEZKvbU2y3BSLTVmvoc,Organic Logistics LLC,101.7,1083.0,CashtonWarehouse,"Cashton, WI",GENERAL TRADING DELI INC,"Bayonne, NJ",Early 147min,8/19/2025 3:00am,8/19/2025 7:33pm,8/19/2025 7:33pm,8/19/2025 8:19pm,Early 190min,8/21/2025 7:00am,8/21/2025 7:00am,8/21/2025 3:50am,🟢 OnTime,RX53078E TEMP,34.0,3.0,37.0,Continuous,36.10
TR-0000132970-01,8/21/2025 8:32am,351RON,483406,56,Rx53124E,🟢,Unloading,⚠️Empty?,0,42.8,🟢,,,"Crest Hill, IL",https://cloud.samsara.com/o/24693/fleet/viewer/LO56k9QC9Fql2JVtGSV8,C.H. Robinson,212.3,705.5,INTERCHANGE DC,"Mount Crawford, VA",C.H. Robinson,"Chicago, IL",Early 250min,8/20/2025 4:00pm,8/20/2025 11:50am,8/20/2025 11:50am,8/20/2025 3:55pm,Early 1425min,8/22/2025 6:00am,8/22/2025 6:00am,8/21/2025 6:15am,🟢 OnTime,RX53124E TEMP,35.0,2.0,36.0,Continuous,0.00
TR-0000132723-01,8/21/2025 8:32am,594ANTHONY,24474,82,Rx53120E,🟢,Unloading,,0,2.3,🟢,,,"Franklin Park, IL",https://cloud.samsara.com/o/24693/fleet/viewer/fdy6gVdZ4AOyJHidgovO,Organic Logistics LLC,161.6,285.7,CashtonWarehouse,"Cashton, WI",Jewel,"Bridgeview, IL",Late 625min,8/20/2025 3:00am,8/20/2025 1:25pm,8/20/2025 1:25pm,8/20/2025 1:53pm,Early 15min,8/21/2025 3:30am,8/21/2025 3:30am,8/21/2025 3:15am,🟡 OnTime,RX53120E TEMP,34.0,3.0,37.0,Continuous,0.00
TR-0000133028-01,8/21/2025 8:32am,501CHIVAK,25553,77,Rx53108E,🟢,Unloading,⚠️Empty?,28,12.4,🟢,,,"Indianapolis, IN",https://cloud.samsara.com/o/24693/fleet/viewer/CYX0hQoncKweODiduVAm,DeSpir Logistics LLC,36.1,205.7,LUFTHANSA CARGO,"Chicago, IL",Sentry,"Indianapolis, IN",Early 10min,8/20/2025 12:00pm,8/20/2025 4:50pm,8/20/2025 4:50pm,8/20/2025 8:50pm,Early 355min,8/21/2025 8:00am,8/21/2025 8:00am,8/21/2025 2:05am,🟢 OnTime,RX53108E TEMP,68.0,21.0,70.0,Continuous,36.64
TR-0000132773-01,8/21/2025 8:32am,635RICHARD,25653,99,Rx53095E,🟢,Unloading,,1,1.2,🟢,,,"Memphis, TN",https://cloud.samsara.com/o/24693/fleet/viewer/rdX2TAGQFTKuyeXmwryW,DSV Air & Sea Inc,94.2,563.4,LUFTHANSA CARGO,"Chicago, IL",West Pharma c/o Kuehne & Nagle,"Memphis, TN",Late 0min,8/20/2025 7:00am,8/20/2025 3:00pm,8/20/2025 3:00pm,8/20/2025 6:27pm,Early 7min,8/21/2025 10:00am,8/21/2025 10:00am,8/21/2025 9:53am,🔴 Late,RX53095E TEMP,41.0,7.0,45.0,Continuous,0.00
TR-0000132718-02,8/21/2025 8:32am,521MOHAMMAD,9200,82,Rx53142E,🟢,Unloading,,0,0.3,🟢,,,"Bolingbrook, IL",https://cloud.samsara.com/o/24693/fleet/viewer/BKlOxoN4gziOamNj6KHM,"LoadDelivered Logistics, LLC  DBA Capstone Logistics",0.0,10.1,AGY Shop,"Lockport, IL","Nestle Usa, Inc.","Bolingbrook, IL",Early 1439min,8/21/2025 1:00am,8/21/2025 12:00am,8/21/2025 12:00am,8/21/2025 8:00am,Early 40min,8/21/2025 9:00am,8/21/2025 9:00am,8/21/2025 8:20am,🟡 OnTime,RX53142E TEMP,99.0,28.0,82.0,Dry Load,0.00
TR-0000133071-01,8/21/2025 8:32am,681ROY,25036,96,Rx53170E,🟢,Unloading,,0,0.3,🟢,,,"Auburn, NC",https://cloud.samsara.com/o/24693/fleet/viewer/xYM3p7vz4fnRC6lpXncF,DeSpir Logistics LLC,136.9,51.6,BIOCAIR - Cary,"Cary, NC",MD Logistics,"Holly Springs, NC",Late 0min,8/21/2025 9:00am,8/21/2025 9:00am,8/21/2025 9:00am,8/21/2025 9:15am,Early 190min,8/21/2025 12:30pm,8/21/2025 1:30pm,8/21/2025 10:20am,🔴 Late,RX53170E TEMP,41.0,6.0,43.0,Continuous,0.00
TR-0000132973-01,8/21/2025 6:33am,,,,,❓ Unknown,Unknown,,,,🟢,,,,,,,,,,,,,,,,,,,,,❓ Unknown,RX53097E TEMP,,-1.0,30.0,Unknown,
TR-0000132977-01,8/21/2025 8:32am,608ARTHUR,25560,88,RX53155E,🟢,Loading,,0,0.5,🟢,,,"Wauwatosa, WI",https://cloud.samsara.com/o/24693/fleet/viewer/FqApGXs0Wa05tVlH55aP,Garrison Logistics Inc.,98.1,1195.9,Lineage Logistics,"Milwaukee, WI",Lineage Logistics,"Missouri City, TX",Late 555min,8/20/2025 6:00am,8/20/2025 3:15pm,8/20/2025 3:15pm,8/20/2025 8:05pm,Late 555min,8/20/2025 6:00am,8/20/2025 6:00am,8/20/2025 3:15pm,🟢 OnTime,RX53155E TEMP,99.0,6.0,43.0,Stop & Run,0.00
TR-0000132932-02,8/21/2025 8:32am,365DAN,25892,99,Rx53119E,🟢,Loading,,0,0.1,🟢,,,"Columbus, OH",https://cloud.samsara.com/o/24693/fleet/viewer/f1PkYq8agYz8G8OYMHkg,DeSpir Logistics LLC,54.4,406.9,ONE9 Travel Center,"Wilmington, OH",ICS,"Bensenville, IL",Early 814min,8/20/2025 12:00am,8/20/2025 10:25am,8/20/2025 10:25am,8/20/2025 11:00am,Early 9min,8/21/2025 8:00am,8/21/2025 8:00am,8/21/2025 7:51am,🟡 OnTime,RX53119E TEMP,41.0,6.0,43.0,Continuous,0.00
TR-0000132978-01,8/21/2025 8:32am,269TERRENCE,25179,38,Rx53128E,🟢,Loading,,0,0.0,🟢,,,"Newport, MN",https://cloud.samsara.com/o/24693/fleet/viewer/p29lapBSIK9z3fELHoe2,Organic Logistics LLC,49.2,174.5,NEWPORT COLD STORAGE,"Newport, MN",NEWPORT COLD STORAGE,"Cashton, WI",Early 26min,8/21/2025 9:00am,8/21/2025 8:34am,8/21/2025 8:34am,,Early 26min,8/21/2025 9:00am,8/21/2025 9:00am,8/21/2025 8:34am,,RX53128E TEMP,34.0,4.0,39.0,Continuous,0.00
TR-0000133029-01,8/21/2025 8:32am,680KEYONTA,384175,76,Rx53141E,🟢,Loading,,0,0.1,🟢,,,"MO, 63855",https://cloud.samsara.com/o/24693/fleet/viewer/OBRvA8rr4WCXpjrXQPBM,"RXO, Inc.",125.3,478.9,SOUTHERN CORPORATE PACKERS INC,"Hornersville, MO",SOUTHERN CORPORATE PACKERS INC,"Baton Rouge, LA",Early 665min,8/21/2025 8:00am,8/21/2025 6:55am,8/21/2025 6:55am,,Early 665min,8/21/2025 8:00am,8/21/2025 6:00pm,8/21/2025 6:55am,🟢 OnTime,RX53141E TEMP,55.0,9.0,48.0,Continuous,0.00
TR-0000133054-01,8/21/2025 8:32am,512JEFFREY,25057,99,,🟢,Loading,,0,1.6,🟢,,,"Lake County, IL",https://cloud.samsara.com/o/24693/fleet/viewer/saajlRgC9dFWCobSe8rg,"True Blue Freight, LLC",62.4,594.8,ABBVIE AP5 - MAIN,"North Chicago, IL",ABBVIE AP5 - MAIN,"Olive Branch, MS",Early 170min,8/21/2025 8:00am,8/21/2025 9:10am,8/21/2025 9:10am,,Early 170min,8/21/2025 8:00am,8/21/2025 12:00pm,8/21/2025 9:10am,🟢 OnTime,RX53099E TEMP,70.0,19.0,66.0,Continuous,0.00
TR-0000132995-01,8/21/2025 8:32am,482JAROD,25562,93,Rx53107E,🟢,Loading,,0,0.1,🟢,,,"Chaska, MN",https://cloud.samsara.com/o/24693/fleet/viewer/db3JDN2668hLyNQX1JNU,DeSpir Logistics LLC,24.8,409.7,Lifecore Biomedical LLC,"Chaska, MN",Lifecore Biomedical LLC,"Bensenville, IL",Early 106min,8/21/2025 10:00am,8/21/2025 8:14am,8/21/2025 8:14am,,Early 106min,8/21/2025 10:00am,8/21/2025 10:00am,8/21/2025 8:14am,🟡 OnTime,RX53107E TEMP,41.0,6.0,43.0,Continuous,0.00
TR-0000132930-01,8/21/2025 8:32am,458MARCIN,9100,100,,🟢,Loading,,0,0.0,🟢,,,"Bolingbrook, IL",,RWB Trucking LLC,10.7,10.7,DUAL TEMP C/O KNEAD DOUGH BAKERY,"Bolingbrook, IL",DUAL TEMP C/O KNEAD DOUGH BAKERY,"Lockport, IL",Early 49min,8/21/2025 9:00am,8/21/2025 8:11am,8/21/2025 8:11am,,Early 49min,8/21/2025 9:00am,8/21/2025 9:00am,8/21/2025 8:11am,🟡 OnTime,,0.0,,,Continuous,0.00
TR-0000133023-01,8/21/2025 8:32am,721CLIFFORD,24543,94,,🟢,Loading,,0,0.0,🟢,,,"Chicago, IL",,Ram Transportation Services,0.0,438.7,ANTHONY MARANO COMPANY,"Chicago, IL",ANTHONY MARANO COMPANY,"Oakwood Village, OH",Early 372min,8/21/2025 12:00pm,8/21/2025 8:48am,8/21/2025 8:48am,,Early 372min,8/21/2025 12:00pm,8/21/2025 3:00pm,8/21/2025 8:48am,,,50.0,,,Continuous,0.00
TR-0000132726-02,8/21/2025 8:32am,510JOSE,384173,75,Rx53126E,🟢,Loading,⚠️Loaded?,0,20.3,🟢,,,"Wilmington, IL",,Organic Logistics LLC,0.0,20.2,AGY Shop,"Lockport, IL",AGY Shop,"Wilmington, IL",Early 869min,8/21/2025 12:00am,8/21/2025 9:30am,8/21/2025 9:30am,,Early 869min,8/21/2025 12:00am,8/21/2025 11:59pm,8/21/2025 9:30am,,RX53126E TEMP,34.0,2.0,36.0,Continuous,0.00
TR-0000132752-01,8/21/2025 8:32am,269TERRENCE,25179,38,,🟢,Assigned ETA 08/22/25 11:53,,0,1626.1,🟢,,,"Newport, MN",,Organic Logistics LLC,0.0,1496.6,CashtonWarehouse,"Cashton, WI",,"Sarasota, FL",,8/22/2025 6:00am,,,,,1/1/2000 12:00am,1/1/2000 12:00am,,,,34.0,,,Continuous,
TR-0000133072-01,8/21/2025 8:32am,736JEAN,25056,50,Rx53064E,🟢,Assigned ETA 08/22/25 01:53,,69,1014.1,🟢,,,"Lincoln County, CO",https://cloud.samsara.com/o/24693/fleet/viewer/IoytsdjoUwVk4n7BzxcG,Allen Lund Company CA,55.0,1047.9,Leprino Foods Truck Gate,"Greeley, CO",,"Little Chute, WI",,8/21/2025 2:00pm,,,,,1/1/2000 12:00am,1/1/2000 12:00am,,,RX53064E TEMP,34.0,21.0,70.0,Continuous,
TR-0000132710-01,8/21/2025 8:32am,693ANTOINE,483407,89,Rx53085E,🟢,Assigned ETA 08/21/25 18:01,,0,369.8,🟢,,,"Skyline View, PA",https://cloud.samsara.com/o/24693/fleet/viewer/0rGEYsWWhQOboaZ7uZ97,Kuehne+Nagel Inc.,74.9,404.1,Merck,"West Point, PA",,"Wilson, NC",,8/21/2025 12:00pm,,,,,1/1/2000 12:00am,1/1/2000 12:00am,,,RX53085E TEMP,63.0,24.0,75.0,Continuous,
TR-0000133030-01,8/21/2025 8:32am,589JERMAINE,25559,61,Rx53125E,🟢,Assigned ETA 08/21/25 17:03,,57,347.6,🟢,,,"Alsip, IL",https://cloud.samsara.com/o/24693/fleet/viewer/kKbUNnXK0U5cbFh8W3Au,Blue Grace,32.6,368.3,Doumak Inc,"Elk Grove Village, IL",,"Hinckley, OH",,8/21/2025 6:00am,,,,,1/1/2000 12:00am,1/1/2000 12:00am,,,RX53125E TEMP,55.0,25.0,77.0,Continuous,
TR-0000133035-01,8/21/2025 8:32am,232MOHCIN,460997,16,Rx53101E,🟢,Assigned ETA 08/21/25 16:18,,68,352.7,🟢,,,"Cleveland, OH",https://cloud.samsara.com/o/24693/fleet/viewer/6NPSkLKWBtTEPsjPhzZ4,"Gateway Logistics, Inc.",7.4,353.8,MICELI DAIRY PRODUCTS,"Cleveland, OH",,"McCook, IL",,8/21/2025 11:00am,,,,,1/1/2000 12:00am,1/1/2000 12:00am,,,RX53101E TEMP,35.0,4.0,39.0,Continuous,
TR-0000133086-01,8/21/2025 8:32am,697EXONNE,406971,88,Rx53102E,🟢,Assigned ETA 08/21/25 14:18,,0,202.3,🟢,,,"Mount Sterling, IL",https://cloud.samsara.com/o/24693/fleet/viewer/Kj8RsIxyIFT5KSOoVut6,Ryan Transportation Service,130.7,341.0,BRWY-- St. Louis,"Saint Louis, MO",,"Dubuque, IA",,8/21/2025 11:00pm,,,,,1/1/2000 12:00am,1/1/2000 12:00am,,,RX53102E TEMP,99.0,8.0,46.0,Dry Load,
TR-0000132702-03,8/21/2025 8:32am,490JARRETT,25554,84,Rx53130E,🟢,Assigned ETA 08/21/25 10:31,,0,0.1,🟢,,,"Woodridge, IL",,"LoadDelivered Logistics, LLC  DBA Capstone Logistics",10.1,10.1,AGY Shop,"Lockport, IL",,"Bolingbrook, IL",,8/21/2025 6:00am,,,,,1/1/2000 12:00am,1/1/2000 12:00am,,,RX53130E TEMP,99.0,29.0,84.0,Dry Load,